,,,,,,,
,,,,,,,
Rok zdarzenia:<Wszystkie>,2013r.,,,,,,
,,,,,,,
,,,Liczba Zdarzen,Liczba Wypadkow,Liczba Zabitych,Liczba Rannych,Liczba Kolizji
Ogółem,,,59653,4057,388,4962,55596
,WOJ. DOLNOŚLĄSKIE,,5313,420,24,530,4893
,,2013/01/01,38,6,2,5,32
,,2013/01/02,65,10,1,10,55
,,2013/01/03,78,10,0,13,68
,,2013/01/04,71,10,0,12,61
,,2013/01/05,66,6,1,11,60
,,2013/01/06,51,5,0,8,46
,,2013/01/07,79,10,1,12,69
,,2013/01/08,119,8,1,11,111
,,2013/01/09,83,9,0,12,74
,,2013/01/10,111,16,1,16,95
,,2013/01/11,193,17,1,24,176
,,2013/01/12,116,9,0,11,107
,,2013/01/13,46,3,1,3,43
,,2013/01/14,119,10,1,15,109
,,2013/01/15,74,7,0,8,67
,,2013/01/16,77,7,0,10,70
,,2013/01/17,78,1,0,1,77
,,2013/01/18,85,10,0,12,75
,,2013/01/19,74,7,0,9,67
,,2013/01/20,41,2,0,4,39
,,2013/01/21,134,8,1,8,126
,,2013/01/22,105,7,0,8,98
,,2013/01/23,94,8,0,10,86
,,2013/01/24,73,1,0,1,72
,,2013/01/25,114,3,0,3,111
,,2013/01/26,72,6,1,5,66
,,2013/01/27,40,1,0,1,39
,,2013/01/28,86,10,1,11,76
,,2013/01/29,102,13,0,16,89
,,2013/01/30,90,8,0,9,82
,,2013/01/31,75,4,0,5,71
,,2013/02/01,93,9,1,12,84
,,2013/02/02,65,6,1,9,59
,,2013/02/03,38,5,0,10,33
,,2013/02/04,92,9,0,11,83
,,2013/02/05,62,9,0,15,53
,,2013/02/06,138,7,1,7,131
,,2013/02/07,73,6,0,18,67
,,2013/02/08,107,5,1,4,102
,,2013/02/09,59,4,1,3,55
,,2013/02/10,38,6,1,9,32
,,2013/02/11,89,6,0,6,83
,,2013/02/12,261,18,1,22,243
,,2013/02/13,125,9,0,11,116
,,2013/02/14,86,7,0,9,79
,,2013/02/15,93,9,0,11,84
,,2013/02/16,88,9,0,12,79
,,2013/02/17,50,6,2,5,44
,,2013/02/18,73,4,0,4,69
,,2013/02/19,193,11,0,14,182
,,2013/02/20,140,2,0,4,138
,,2013/02/21,102,9,0,12,93
,,2013/02/22,149,7,1,10,142
,,2013/02/23,120,10,0,10,110
,,2013/02/24,34,3,0,3,31
,,2013/02/25,83,5,0,5,78
,,2013/02/26,65,5,1,6,60
,,2013/02/27,76,2,0,4,74
,,2013/02/28,72,0,0,0,72
,WOJ. KUJAWSKO-POMORSKIE,,4209,122,22,138,4087
,,2013/01/01,40,2,1,1,38
,,2013/01/02,65,1,0,1,64
,,2013/01/03,61,2,1,1,59
,,2013/01/04,57,1,0,1,56
,,2013/01/05,43,4,1,4,39
,,2013/01/06,31,2,0,2,29
,,2013/01/07,49,1,0,1,48
,,2013/01/08,76,4,0,5,72
,,2013/01/09,56,0,0,0,56
,,2013/01/10,72,3,0,4,69
,,2013/01/11,91,3,0,3,88
,,2013/01/12,76,3,0,5,73
,,2013/01/13,39,3,1,2,36
,,2013/01/14,84,2,2,0,82
,,2013/01/15,67,1,0,1,66
,,2013/01/16,70,1,0,1,69
,,2013/01/17,56,2,0,2,54
,,2013/01/18,67,3,0,3,64
,,2013/01/19,67,1,0,1,66
,,2013/01/20,43,0,0,0,43
,,2013/01/21,69,1,0,1,68
,,2013/01/22,92,3,1,2,89
,,2013/01/23,81,3,2,5,78
,,2013/01/24,70,0,0,0,70
,,2013/01/25,63,1,0,1,62
,,2013/01/26,51,1,0,1,50
,,2013/01/27,38,0,0,0,38
,,2013/01/28,61,1,0,1,60
,,2013/01/29,71,1,0,1,70
,,2013/01/30,137,3,1,4,134
,,2013/01/31,97,3,0,3,94
,,2013/02/01,136,6,1,8,130
,,2013/02/02,100,5,0,8,95
,,2013/02/03,63,1,0,1,62
,,2013/02/04,120,0,0,0,120
,,2013/02/05,112,3,4,2,109
,,2013/02/06,73,4,0,6,69
,,2013/02/07,75,2,0,2,73
,,2013/02/08,112,2,0,3,110
,,2013/02/09,53,1,0,2,52
,,2013/02/10,31,1,0,1,30
,,2013/02/11,86,3,1,2,83
,,2013/02/12,61,0,0,0,61
,,2013/02/13,128,1,0,1,127
,,2013/02/14,67,3,0,3,64
,,2013/02/15,66,1,0,2,65
,,2013/02/16,57,2,0,2,55
,,2013/02/17,44,1,0,2,43
,,2013/02/18,82,3,0,5,79
,,2013/02/19,118,2,0,2,116
,,2013/02/20,102,2,1,1,100
,,2013/02/21,70,2,1,1,68
,,2013/02/22,68,3,0,4,65
,,2013/02/23,52,3,0,5,49
,,2013/02/24,28,4,1,8,24
,,2013/02/25,70,1,0,1,69
,,2013/02/26,48,1,0,1,47
,,2013/02/27,69,7,3,6,62
,,2013/02/28,78,2,0,2,76
,WOJ. LUBELSKIE,,3134,151,32,194,2983
,,2013/01/01,28,3,1,4,25
,,2013/01/02,41,3,0,3,38
,,2013/01/03,53,2,0,2,51
,,2013/01/04,34,3,1,2,31
,,2013/01/05,32,0,0,0,32
,,2013/01/06,28,2,0,5,26
,,2013/01/07,39,2,0,4,37
,,2013/01/08,32,1,0,1,31
,,2013/01/09,41,4,1,3,37
,,2013/01/10,71,3,0,3,68
,,2013/01/11,74,5,1,5,69
,,2013/01/12,41,3,1,2,38
,,2013/01/13,41,1,0,1,40
,,2013/01/14,58,1,0,1,57
,,2013/01/15,57,5,1,5,52
,,2013/01/16,61,3,0,4,58
,,2013/01/17,83,1,0,1,82
,,2013/01/18,61,1,0,1,60
,,2013/01/19,68,3,0,12,65
,,2013/01/20,25,2,0,6,23
,,2013/01/21,70,2,0,3,68
,,2013/01/22,56,1,0,1,55
,,2013/01/23,67,1,0,1,66
,,2013/01/24,62,8,3,6,54
,,2013/01/25,65,3,0,3,62
,,2013/01/26,35,3,0,3,32
,,2013/01/27,26,2,0,4,24
,,2013/01/28,69,2,1,1,67
,,2013/01/29,53,4,0,6,49
,,2013/01/30,65,4,0,6,61
,,2013/01/31,77,3,2,2,74
,,2013/02/01,85,7,5,9,78
,,2013/02/02,84,2,1,1,82
,,2013/02/03,51,3,0,4,48
,,2013/02/04,54,1,0,1,53
,,2013/02/05,67,3,0,6,64
,,2013/02/06,87,2,1,3,85
,,2013/02/07,93,7,0,8,86
,,2013/02/08,68,5,2,4,63
,,2013/02/09,38,1,0,2,37
,,2013/02/10,34,4,3,9,30
,,2013/02/11,43,2,0,4,41
,,2013/02/12,41,2,0,2,39
,,2013/02/13,45,1,0,1,44
,,2013/02/14,39,0,0,0,39
,,2013/02/15,50,2,2,2,48
,,2013/02/16,46,5,1,6,41
,,2013/02/17,24,1,0,1,23
,,2013/02/18,32,0,0,0,32
,,2013/02/19,93,1,0,2,92
,,2013/02/20,58,4,1,3,54
,,2013/02/21,38,2,0,4,36
,,2013/02/22,74,7,2,9,67
,,2013/02/23,50,1,0,3,49
,,2013/02/24,34,0,0,0,34
,,2013/02/25,41,2,1,1,39
,,2013/02/26,54,4,1,6,50
,,2013/02/27,44,1,0,2,43
,,2013/02/28,54,0,0,0,54
,WOJ. LUBUSKIE,,1767,101,19,142,1666
,,2013/01/01,12,3,0,7,9
,,2013/01/02,26,2,0,6,24
,,2013/01/03,32,3,0,3,29
,,2013/01/04,28,2,0,2,26
,,2013/01/05,22,1,0,1,21
,,2013/01/06,15,1,0,4,14
,,2013/01/07,35,1,0,1,34
,,2013/01/08,23,1,0,1,22
,,2013/01/09,19,2,0,3,17
,,2013/01/10,35,4,2,3,31
,,2013/01/11,42,3,1,6,39
,,2013/01/12,34,0,0,0,34
,,2013/01/13,18,1,0,1,17
,,2013/01/14,47,2,0,3,45
,,2013/01/15,24,1,1,0,23
,,2013/01/16,18,0,0,0,18
,,2013/01/17,27,2,1,1,25
,,2013/01/18,22,3,1,2,19
,,2013/01/19,20,0,0,0,20
,,2013/01/20,11,1,1,0,10
,,2013/01/21,31,2,0,5,29
,,2013/01/22,30,0,0,0,30
,,2013/01/23,26,1,1,0,25
,,2013/01/24,22,0,0,0,22
,,2013/01/25,30,0,0,0,30
,,2013/01/26,20,1,0,1,19
,,2013/01/27,18,0,0,0,18
,,2013/01/28,32,1,0,1,31
,,2013/01/29,29,2,0,3,27
,,2013/01/30,37,1,0,1,36
,,2013/01/31,38,0,0,0,38
,,2013/02/01,33,1,0,1,32
,,2013/02/02,27,1,0,1,26
,,2013/02/03,17,0,0,0,17
,,2013/02/04,35,2,0,2,33
,,2013/02/05,88,7,3,13,81
,,2013/02/06,49,3,1,4,46
,,2013/02/07,45,4,0,9,41
,,2013/02/08,50,1,0,1,49
,,2013/02/09,20,4,2,3,16
,,2013/02/10,12,1,0,5,11
,,2013/02/11,25,3,0,3,22
,,2013/02/12,44,1,0,1,43
,,2013/02/13,34,3,0,7,31
,,2013/02/14,29,3,0,5,26
,,2013/02/15,39,1,0,1,38
,,2013/02/16,23,0,0,0,23
,,2013/02/17,20,0,0,0,20
,,2013/02/18,27,1,0,1,26
,,2013/02/19,70,5,2,7,65
,,2013/02/20,48,3,0,3,45
,,2013/02/21,28,2,0,5,26
,,2013/02/22,35,3,1,2,32
,,2013/02/23,39,3,0,4,36
,,2013/02/24,18,0,0,0,18
,,2013/02/25,31,3,1,3,28
,,2013/02/26,20,2,0,2,18
,,2013/02/27,15,0,0,0,15
,,2013/02/28,23,3,1,4,20
,WOJ. ŁÓDZKIE,,4319,383,31,460,3936
,,2013/01/01,26,3,1,5,23
,,2013/01/02,46,7,2,8,39
,,2013/01/03,66,6,0,9,60
,,2013/01/04,61,5,0,6,56
,,2013/01/05,45,6,2,7,39
,,2013/01/06,39,1,0,1,38
,,2013/01/07,71,7,1,7,64
,,2013/01/08,63,8,2,9,55
,,2013/01/09,62,7,0,7,55
,,2013/01/10,76,15,0,18,61
,,2013/01/11,88,11,0,11,77
,,2013/01/12,104,6,1,6,98
,,2013/01/13,62,14,0,17,48
,,2013/01/14,90,7,1,9,83
,,2013/01/15,62,7,0,10,55
,,2013/01/16,76,7,1,6,69
,,2013/01/17,65,4,1,3,61
,,2013/01/18,78,10,0,12,68
,,2013/01/19,80,6,0,9,74
,,2013/01/20,37,10,1,12,27
,,2013/01/21,86,4,0,4,82
,,2013/01/22,101,7,0,8,94
,,2013/01/23,84,6,0,7,78
,,2013/01/24,80,6,0,6,74
,,2013/01/25,76,9,1,8,67
,,2013/01/26,57,8,0,11,49
,,2013/01/27,35,4,1,4,31
,,2013/01/28,84,9,1,12,75
,,2013/01/29,97,7,0,9,90
,,2013/01/30,196,5,1,4,191
,,2013/01/31,175,6,0,6,169
,,2013/02/01,121,4,1,4,117
,,2013/02/02,82,7,1,7,75
,,2013/02/03,49,5,2,4,44
,,2013/02/04,77,6,0,6,71
,,2013/02/05,94,7,1,6,87
,,2013/02/06,70,2,0,4,68
,,2013/02/07,75,6,0,6,69
,,2013/02/08,112,12,2,12,100
,,2013/02/09,55,2,0,2,53
,,2013/02/10,31,6,0,6,25
,,2013/02/11,71,1,0,3,70
,,2013/02/12,58,4,1,4,54
,,2013/02/13,49,4,0,6,45
,,2013/02/14,71,11,1,24,60
,,2013/02/15,79,13,1,16,66
,,2013/02/16,64,8,0,8,56
,,2013/02/17,35,3,0,5,32
,,2013/02/18,45,4,1,3,41
,,2013/02/19,151,14,1,23,137
,,2013/02/20,109,5,0,5,104
,,2013/02/21,63,5,0,8,58
,,2013/02/22,86,7,0,11,79
,,2013/02/23,57,4,0,6,53
,,2013/02/24,31,3,0,6,28
,,2013/02/25,53,7,0,11,46
,,2013/02/26,69,7,1,6,62
,,2013/02/27,42,3,1,2,39
,,2013/02/28,52,5,0,5,47
,WOJ. MAŁOPOLSKIE,,4609,412,27,494,4197
,,2013/01/01,41,8,2,11,33
,,2013/01/02,103,15,0,18,88
,,2013/01/03,95,22,2,22,73
,,2013/01/04,83,9,1,9,74
,,2013/01/05,52,5,0,6,47
,,2013/01/06,59,6,0,7,53
,,2013/01/07,65,4,0,7,61
,,2013/01/08,80,6,1,7,74
,,2013/01/09,82,11,1,12,71
,,2013/01/10,102,3,0,4,99
,,2013/01/11,120,7,0,7,113
,,2013/01/12,58,4,0,5,54
,,2013/01/13,60,8,3,15,52
,,2013/01/14,69,8,0,8,61
,,2013/01/15,71,4,0,8,67
,,2013/01/16,92,10,0,12,82
,,2013/01/17,74,10,0,12,64
,,2013/01/18,104,10,0,13,94
,,2013/01/19,59,4,1,6,55
,,2013/01/20,50,6,0,7,44
,,2013/01/21,100,9,0,10,91
,,2013/01/22,71,5,0,5,66
,,2013/01/23,68,5,1,4,63
,,2013/01/24,70,6,0,6,64
,,2013/01/25,81,5,0,5,76
,,2013/01/26,60,3,1,2,57
,,2013/01/27,47,3,0,3,44
,,2013/01/28,94,1,0,2,93
,,2013/01/29,67,7,1,6,60
,,2013/01/30,81,13,0,20,68
,,2013/01/31,84,12,2,10,72
,,2013/02/01,78,6,0,6,72
,,2013/02/02,69,7,0,10,62
,,2013/02/03,65,6,0,9,59
,,2013/02/04,72,7,0,9,65
,,2013/02/05,89,11,0,14,78
,,2013/02/06,109,6,0,8,103
,,2013/02/07,200,12,1,15,188
,,2013/02/08,88,5,0,5,83
,,2013/02/09,62,1,0,1,61
,,2013/02/10,45,5,0,8,40
,,2013/02/11,86,5,0,6,81
,,2013/02/12,67,7,0,7,60
,,2013/02/13,87,7,1,9,80
,,2013/02/14,102,8,1,10,94
,,2013/02/15,98,6,0,7,92
,,2013/02/16,52,4,1,3,48
,,2013/02/17,49,4,1,4,45
,,2013/02/18,76,7,1,10,69
,,2013/02/19,93,8,0,8,85
,,2013/02/20,111,12,0,13,99
,,2013/02/21,79,5,1,8,74
,,2013/02/22,125,11,1,14,114
,,2013/02/23,61,7,1,7,54
,,2013/02/24,41,4,1,4,37
,,2013/02/25,69,5,0,6,64
,,2013/02/26,66,4,0,4,62
,,2013/02/27,54,10,1,16,44
,,2013/02/28,74,3,0,4,71
,WOJ. MAZOWIECKIE,,7890,530,58,635,7360
,,2013/01/01,55,9,1,9,46
,,2013/01/02,113,5,1,5,108
,,2013/01/03,121,16,3,14,105
,,2013/01/04,102,7,2,5,95
,,2013/01/05,69,10,1,9,59
,,2013/01/06,41,5,1,4,36
,,2013/01/07,86,12,1,13,74
,,2013/01/08,98,7,1,6,91
,,2013/01/09,130,10,0,12,120
,,2013/01/10,190,19,2,20,171
,,2013/01/11,151,20,1,26,131
,,2013/01/12,162,12,0,17,150
,,2013/01/13,97,9,1,15,88
,,2013/01/14,159,17,0,27,142
,,2013/01/15,130,10,0,11,120
,,2013/01/16,159,6,0,9,153
,,2013/01/17,139,7,1,12,132
,,2013/01/18,154,15,0,15,139
,,2013/01/19,157,2,0,5,155
,,2013/01/20,62,5,0,6,57
,,2013/01/21,142,5,1,5,137
,,2013/01/22,146,16,2,18,130
,,2013/01/23,157,7,1,9,150
,,2013/01/24,198,10,0,11,188
,,2013/01/25,160,9,2,7,151
,,2013/01/26,81,4,0,5,77
,,2013/01/27,57,3,0,11,54
,,2013/01/28,118,7,2,6,111
,,2013/01/29,133,13,3,13,120
,,2013/01/30,176,12,3,10,164
,,2013/01/31,202,10,0,14,192
,,2013/02/01,173,10,1,10,163
,,2013/02/02,151,10,1,15,141
,,2013/02/03,77,5,0,8,72
,,2013/02/04,151,7,0,9,144
,,2013/02/05,185,12,0,17,173
,,2013/02/06,135,12,2,18,123
,,2013/02/07,247,9,1,9,238
,,2013/02/08,177,13,0,20,164
,,2013/02/09,118,8,2,7,110
,,2013/02/10,69,6,1,6,63
,,2013/02/11,146,4,0,5,142
,,2013/02/12,148,10,1,11,138
,,2013/02/13,142,7,0,8,135
,,2013/02/14,177,14,4,12,163
,,2013/02/15,135,4,3,6,131
,,2013/02/16,94,8,4,8,86
,,2013/02/17,69,5,1,5,64
,,2013/02/18,135,10,0,15,125
,,2013/02/19,226,12,1,18,214
,,2013/02/20,230,15,1,22,215
,,2013/02/21,135,9,1,12,126
,,2013/02/22,145,7,0,8,138
,,2013/02/23,101,8,0,9,93
,,2013/02/24,66,5,1,6,61
,,2013/02/25,117,9,0,10,108
,,2013/02/26,120,5,0,8,115
,,2013/02/27,124,3,1,2,121
,,2013/02/28,152,4,2,2,148
,WOJ. OPOLSKIE,,1398,110,13,131,1288
,,2013/01/01,21,4,3,1,17
,,2013/01/02,16,2,0,2,14
,,2013/01/03,14,1,0,6,13
,,2013/01/04,20,1,0,1,19
,,2013/01/05,13,0,0,0,13
,,2013/01/06,6,2,1,1,4
,,2013/01/07,21,3,0,3,18
,,2013/01/08,56,5,0,12,51
,,2013/01/09,24,3,0,3,21
,,2013/01/10,16,1,1,0,15
,,2013/01/11,51,2,0,4,49
,,2013/01/12,26,2,0,2,24
,,2013/01/13,18,4,0,5,14
,,2013/01/14,30,1,0,1,29
,,2013/01/15,33,4,1,3,29
,,2013/01/16,18,0,0,0,18
,,2013/01/17,16,2,0,2,14
,,2013/01/18,39,3,0,4,36
,,2013/01/19,15,0,0,0,15
,,2013/01/20,4,0,0,0,4
,,2013/01/21,35,2,0,2,33
,,2013/01/22,21,1,1,0,20
,,2013/01/23,21,0,0,0,21
,,2013/01/24,6,1,0,2,5
,,2013/01/25,19,1,0,1,18
,,2013/01/26,8,1,0,1,7
,,2013/01/27,12,3,0,4,9
,,2013/01/28,40,3,0,4,37
,,2013/01/29,26,4,1,4,22
,,2013/01/30,19,1,0,2,18
,,2013/01/31,20,1,0,1,19
,,2013/02/01,25,3,1,3,22
,,2013/02/02,24,1,0,1,23
,,2013/02/03,23,1,0,2,22
,,2013/02/04,28,2,0,2,26
,,2013/02/05,20,2,0,2,18
,,2013/02/06,20,2,0,2,18
,,2013/02/07,24,3,0,5,21
,,2013/02/08,20,1,0,1,19
,,2013/02/09,20,4,1,3,16
,,2013/02/10,13,0,0,0,13
,,2013/02/11,36,1,0,1,35
,,2013/02/12,51,9,1,13,42
,,2013/02/13,47,3,0,4,44
,,2013/02/14,28,1,0,1,27
,,2013/02/15,32,3,0,3,29
,,2013/02/16,14,0,0,0,14
,,2013/02/17,18,3,0,3,15
,,2013/02/18,34,2,0,2,32
,,2013/02/19,35,2,0,2,33
,,2013/02/20,29,2,0,2,27
,,2013/02/21,23,0,0,0,23
,,2013/02/22,53,0,0,0,53
,,2013/02/23,21,4,2,4,17
,,2013/02/24,11,0,0,0,11
,,2013/02/25,19,2,0,3,17
,,2013/02/26,16,0,0,0,16
,,2013/02/27,12,1,0,1,11
,,2013/02/28,18,0,0,0,18
,WOJ. PODKARPACKIE,,2553,192,19,233,2361
,,2013/01/01,21,3,0,3,18
,,2013/01/02,40,3,0,4,37
,,2013/01/03,55,6,1,5,49
,,2013/01/04,39,2,0,3,37
,,2013/01/05,39,0,0,0,39
,,2013/01/06,24,0,0,0,24
,,2013/01/07,39,3,1,2,36
,,2013/01/08,24,1,0,1,23
,,2013/01/09,33,4,0,5,29
,,2013/01/10,68,5,2,4,63
,,2013/01/11,62,6,1,7,56
,,2013/01/12,36,1,1,0,35
,,2013/01/13,33,3,0,6,30
,,2013/01/14,42,5,0,6,37
,,2013/01/15,77,6,1,6,71
,,2013/01/16,64,2,0,2,62
,,2013/01/17,42,7,0,11,35
,,2013/01/18,54,5,0,6,49
,,2013/01/19,38,0,0,0,38
,,2013/01/20,17,2,1,1,15
,,2013/01/21,49,1,0,1,48
,,2013/01/22,53,7,1,11,46
,,2013/01/23,62,4,0,4,58
,,2013/01/24,46,3,1,2,43
,,2013/01/25,51,3,0,3,48
,,2013/01/26,33,1,0,3,32
,,2013/01/27,19,1,0,2,18
,,2013/01/28,50,4,0,5,46
,,2013/01/29,66,4,1,5,62
,,2013/01/30,45,2,0,2,43
,,2013/01/31,63,3,0,5,60
,,2013/02/01,52,4,0,4,48
,,2013/02/02,38,5,2,5,33
,,2013/02/03,29,3,1,2,26
,,2013/02/04,45,5,0,6,40
,,2013/02/05,60,6,0,6,54
,,2013/02/06,61,3,0,3,58
,,2013/02/07,93,4,1,4,89
,,2013/02/08,51,4,0,5,47
,,2013/02/09,34,2,0,5,32
,,2013/02/10,23,1,0,3,22
,,2013/02/11,37,2,0,2,35
,,2013/02/12,46,3,0,3,43
,,2013/02/13,34,3,0,5,31
,,2013/02/14,42,4,1,6,38
,,2013/02/15,33,4,0,5,29
,,2013/02/16,34,2,1,4,32
,,2013/02/17,16,2,0,3,14
,,2013/02/18,31,5,0,7,26
,,2013/02/19,47,3,0,4,44
,,2013/02/20,67,2,0,2,65
,,2013/02/21,36,4,0,4,32
,,2013/02/22,61,2,0,2,59
,,2013/02/23,33,6,0,7,27
,,2013/02/24,14,3,0,3,11
,,2013/02/25,36,4,1,4,32
,,2013/02/26,32,2,1,2,30
,,2013/02/27,47,5,0,6,42
,,2013/02/28,37,2,0,6,35
,WOJ. PODLASKIE,,1936,63,13,80,1873
,,2013/01/01,25,3,0,5,22
,,2013/01/02,24,5,4,3,19
,,2013/01/03,25,0,0,0,25
,,2013/01/04,33,0,0,0,33
,,2013/01/05,16,0,0,0,16
,,2013/01/06,10,1,0,2,9
,,2013/01/07,23,0,0,0,23
,,2013/01/08,24,1,0,1,23
,,2013/01/09,18,1,0,1,17
,,2013/01/10,57,6,2,7,51
,,2013/01/11,45,0,0,0,45
,,2013/01/12,27,1,0,2,26
,,2013/01/13,26,3,0,6,23
,,2013/01/14,45,3,0,3,42
,,2013/01/15,42,0,0,0,42
,,2013/01/16,41,1,0,1,40
,,2013/01/17,49,0,0,0,49
,,2013/01/18,50,3,0,3,47
,,2013/01/19,27,0,0,0,27
,,2013/01/20,26,0,0,0,26
,,2013/01/21,34,0,0,0,34
,,2013/01/22,30,2,0,2,28
,,2013/01/23,32,0,0,0,32
,,2013/01/24,30,1,0,1,29
,,2013/01/25,41,0,0,0,41
,,2013/01/26,29,2,0,3,27
,,2013/01/27,21,1,1,1,20
,,2013/01/28,31,0,0,0,31
,,2013/01/29,35,1,0,1,34
,,2013/01/30,45,1,0,1,44
,,2013/01/31,39,2,1,2,37
,,2013/02/01,35,1,0,1,34
,,2013/02/02,42,3,0,6,39
,,2013/02/03,24,1,1,3,23
,,2013/02/04,31,2,1,3,29
,,2013/02/05,25,0,0,0,25
,,2013/02/06,39,0,0,0,39
,,2013/02/07,65,2,0,4,63
,,2013/02/08,50,0,0,0,50
,,2013/02/09,25,1,0,1,24
,,2013/02/10,13,0,0,0,13
,,2013/02/11,64,2,0,2,62
,,2013/02/12,31,2,1,1,29
,,2013/02/13,28,0,0,0,28
,,2013/02/14,28,0,0,0,28
,,2013/02/15,21,0,0,0,21
,,2013/02/16,25,0,0,0,25
,,2013/02/17,6,0,0,0,6
,,2013/02/18,32,3,0,5,29
,,2013/02/19,72,2,0,5,70
,,2013/02/20,56,0,0,0,56
,,2013/02/21,20,0,0,0,20
,,2013/02/22,28,1,0,1,27
,,2013/02/23,26,0,0,0,26
,,2013/02/24,18,1,0,1,17
,,2013/02/25,34,0,0,0,34
,,2013/02/26,29,0,0,0,29
,,2013/02/27,36,1,1,0,35
,,2013/02/28,33,3,1,2,30
,WOJ. POMORSKIE,,3036,268,26,340,2768
,,2013/01/01,32,6,0,11,26
,,2013/01/02,47,4,1,7,43
,,2013/01/03,43,4,3,2,39
,,2013/01/04,39,6,0,11,33
,,2013/01/05,36,0,0,0,36
,,2013/01/06,25,5,1,7,20
,,2013/01/07,42,3,1,3,39
,,2013/01/08,127,6,0,6,121
,,2013/01/09,54,6,0,8,48
,,2013/01/10,68,12,1,12,56
,,2013/01/11,123,9,0,16,114
,,2013/01/12,29,1,0,1,28
,,2013/01/13,40,4,0,5,36
,,2013/01/14,56,4,0,8,52
,,2013/01/15,54,6,0,9,48
,,2013/01/16,50,5,1,5,45
,,2013/01/17,57,3,0,5,54
,,2013/01/18,48,3,0,3,45
,,2013/01/19,42,5,0,11,37
,,2013/01/20,18,1,0,1,17
,,2013/01/21,55,2,0,2,53
,,2013/01/22,48,3,0,3,45
,,2013/01/23,38,3,0,4,35
,,2013/01/24,60,7,2,6,53
,,2013/01/25,74,2,0,2,72
,,2013/01/26,41,5,1,11,36
,,2013/01/27,29,3,1,2,26
,,2013/01/28,48,6,1,8,42
,,2013/01/29,43,4,0,4,39
,,2013/01/30,54,3,1,2,51
,,2013/01/31,80,12,2,13,68
,,2013/02/01,66,4,0,5,62
,,2013/02/02,64,5,0,7,59
,,2013/02/03,29,3,0,3,26
,,2013/02/04,50,7,0,9,43
,,2013/02/05,70,6,0,7,64
,,2013/02/06,57,5,1,12,52
,,2013/02/07,51,1,0,1,50
,,2013/02/08,85,11,2,12,74
,,2013/02/09,37,2,1,1,35
,,2013/02/10,22,2,0,4,20
,,2013/02/11,58,3,0,3,55
,,2013/02/12,59,7,0,8,52
,,2013/02/13,60,6,0,11,54
,,2013/02/14,50,5,1,4,45
,,2013/02/15,38,7,0,10,31
,,2013/02/16,29,3,0,3,26
,,2013/02/17,15,0,0,0,15
,,2013/02/18,74,5,0,7,69
,,2013/02/19,88,5,1,4,83
,,2013/02/20,68,7,1,7,61
,,2013/02/21,45,4,1,3,41
,,2013/02/22,53,4,0,5,49
,,2013/02/23,37,4,2,5,33
,,2013/02/24,22,2,0,2,20
,,2013/02/25,43,1,0,1,42
,,2013/02/26,39,2,0,2,37
,,2013/02/27,62,6,0,7,56
,,2013/02/28,65,8,0,9,57
,WOJ. ŚLĄSKIE,,7387,512,31,617,6875
,,2013/01/01,41,5,1,6,36
,,2013/01/02,140,16,2,16,124
,,2013/01/03,114,18,3,19,96
,,2013/01/04,134,24,1,34,110
,,2013/01/05,76,5,0,5,71
,,2013/01/06,84,9,1,13,75
,,2013/01/07,99,5,1,4,94
,,2013/01/08,148,4,0,4,144
,,2013/01/09,125,11,3,12,114
,,2013/01/10,156,14,2,19,142
,,2013/01/11,194,12,1,14,182
,,2013/01/12,120,12,0,15,108
,,2013/01/13,84,7,0,10,77
,,2013/01/14,146,10,0,11,136
,,2013/01/15,103,5,0,9,98
,,2013/01/16,131,10,0,16,121
,,2013/01/17,125,5,0,5,120
,,2013/01/18,162,9,0,9,153
,,2013/01/19,72,9,0,13,63
,,2013/01/20,66,4,0,6,62
,,2013/01/21,208,16,1,20,192
,,2013/01/22,136,10,1,9,126
,,2013/01/23,149,7,0,7,142
,,2013/01/24,95,7,0,8,88
,,2013/01/25,133,11,0,16,122
,,2013/01/26,75,1,0,1,74
,,2013/01/27,56,2,0,2,54
,,2013/01/28,178,12,0,16,166
,,2013/01/29,153,6,1,5,147
,,2013/01/30,160,5,0,5,155
,,2013/01/31,227,4,0,5,223
,,2013/02/01,130,8,1,10,122
,,2013/02/02,119,7,1,8,112
,,2013/02/03,116,8,0,9,108
,,2013/02/04,147,13,1,15,134
,,2013/02/05,117,6,0,6,111
,,2013/02/06,168,15,0,18,153
,,2013/02/07,188,9,0,12,179
,,2013/02/08,153,12,0,14,141
,,2013/02/09,97,14,1,15,83
,,2013/02/10,75,5,0,8,70
,,2013/02/11,131,12,0,16,119
,,2013/02/12,148,10,0,12,138
,,2013/02/13,186,13,1,18,173
,,2013/02/14,123,4,0,5,119
,,2013/02/15,121,9,2,10,112
,,2013/02/16,99,7,1,6,92
,,2013/02/17,60,3,1,2,57
,,2013/02/18,103,2,0,3,101
,,2013/02/19,180,15,0,18,165
,,2013/02/20,189,8,1,9,181
,,2013/02/21,111,5,0,9,106
,,2013/02/22,177,11,1,14,166
,,2013/02/23,93,9,0,12,84
,,2013/02/24,53,3,0,3,50
,,2013/02/25,97,8,0,11,89
,,2013/02/26,105,10,1,9,95
,,2013/02/27,102,4,1,3,98
,,2013/02/28,109,7,0,8,102
,WOJ. ŚWIĘTOKRZYSKIE,,1981,153,13,183,1828
,,2013/01/01,25,4,1,5,21
,,2013/01/02,35,7,0,8,28
,,2013/01/03,23,1,0,1,22
,,2013/01/04,20,2,0,3,18
,,2013/01/05,17,2,0,2,15
,,2013/01/06,12,1,0,1,11
,,2013/01/07,28,1,0,4,27
,,2013/01/08,29,3,0,4,26
,,2013/01/09,39,4,0,5,35
,,2013/01/10,55,7,1,9,48
,,2013/01/11,35,1,0,1,34
,,2013/01/12,46,5,0,9,41
,,2013/01/13,20,0,0,0,20
,,2013/01/14,32,2,0,3,30
,,2013/01/15,36,2,1,2,34
,,2013/01/16,33,5,0,6,28
,,2013/01/17,36,2,0,2,34
,,2013/01/18,40,4,3,3,36
,,2013/01/19,33,4,0,4,29
,,2013/01/20,10,1,0,1,9
,,2013/01/21,40,4,2,4,36
,,2013/01/22,41,1,0,2,40
,,2013/01/23,29,0,0,0,29
,,2013/01/24,25,0,0,0,25
,,2013/01/25,32,2,0,2,30
,,2013/01/26,34,2,0,3,32
,,2013/01/27,19,2,0,2,17
,,2013/01/28,42,1,0,2,41
,,2013/01/29,30,0,0,0,30
,,2013/01/30,40,1,0,1,39
,,2013/01/31,40,3,2,2,37
,,2013/02/01,58,5,0,5,53
,,2013/02/02,39,6,0,6,33
,,2013/02/03,29,0,0,0,29
,,2013/02/04,43,2,0,4,41
,,2013/02/05,55,6,0,9,49
,,2013/02/06,65,4,0,6,61
,,2013/02/07,99,2,0,2,97
,,2013/02/08,37,2,0,3,35
,,2013/02/09,28,2,0,2,26
,,2013/02/10,15,0,0,0,15
,,2013/02/11,36,2,0,2,34
,,2013/02/12,32,1,0,1,31
,,2013/02/13,29,1,0,1,28
,,2013/02/14,38,3,0,3,35
,,2013/02/15,35,4,1,4,31
,,2013/02/16,29,4,1,4,25
,,2013/02/17,21,2,0,3,19
,,2013/02/18,27,2,1,1,25
,,2013/02/19,44,5,0,5,39
,,2013/02/20,32,2,0,2,30
,,2013/02/21,23,2,0,2,21
,,2013/02/22,37,5,0,7,32
,,2013/02/23,28,3,0,3,25
,,2013/02/24,26,2,0,3,24
,,2013/02/25,31,4,0,5,27
,,2013/02/26,19,1,0,1,18
,,2013/02/27,22,2,0,2,20
,,2013/02/28,28,5,0,6,23
,WOJ. WARMIŃSKO-MAZURSKIE,,2487,218,20,274,2269
,,2013/01/01,38,4,0,8,34
,,2013/01/02,30,7,0,7,23
,,2013/01/03,33,5,0,5,28
,,2013/01/04,35,3,2,3,32
,,2013/01/05,24,2,0,2,22
,,2013/01/06,14,2,0,3,12
,,2013/01/07,33,2,0,2,31
,,2013/01/08,55,6,1,7,49
,,2013/01/09,32,2,0,2,30
,,2013/01/10,87,10,2,9,77
,,2013/01/11,64,9,0,13,55
,,2013/01/12,35,4,1,4,31
,,2013/01/13,25,2,0,2,23
,,2013/01/14,43,6,0,7,37
,,2013/01/15,51,3,0,3,48
,,2013/01/16,44,5,1,4,39
,,2013/01/17,33,4,0,5,29
,,2013/01/18,38,1,0,1,37
,,2013/01/19,33,3,0,3,30
,,2013/01/20,35,2,0,3,33
,,2013/01/21,36,3,0,3,33
,,2013/01/22,42,4,0,7,38
,,2013/01/23,38,1,0,1,37
,,2013/01/24,37,2,0,2,35
,,2013/01/25,55,7,1,7,48
,,2013/01/26,37,2,0,2,35
,,2013/01/27,36,1,0,1,35
,,2013/01/28,50,6,1,5,44
,,2013/01/29,46,2,3,2,44
,,2013/01/30,45,2,0,4,43
,,2013/01/31,63,6,0,7,57
,,2013/02/01,40,6,0,9,34
,,2013/02/02,53,6,2,20,47
,,2013/02/03,23,4,1,4,19
,,2013/02/04,51,2,0,3,49
,,2013/02/05,48,7,0,8,41
,,2013/02/06,32,1,1,0,31
,,2013/02/07,62,7,2,5,55
,,2013/02/08,95,7,0,7,88
,,2013/02/09,35,3,0,3,32
,,2013/02/10,35,7,0,19,28
,,2013/02/11,57,2,0,7,55
,,2013/02/12,35,2,0,4,33
,,2013/02/13,22,4,0,6,18
,,2013/02/14,37,1,0,2,36
,,2013/02/15,48,2,0,3,46
,,2013/02/16,28,2,0,2,26
,,2013/02/17,12,1,0,1,11
,,2013/02/18,64,6,0,7,58
,,2013/02/19,83,5,0,5,78
,,2013/02/20,54,3,0,3,51
,,2013/02/21,36,1,0,1,35
,,2013/02/22,40,3,0,3,37
,,2013/02/23,26,3,1,2,23
,,2013/02/24,28,1,0,1,27
,,2013/02/25,34,4,0,4,30
,,2013/02/26,37,1,0,1,36
,,2013/02/27,45,4,1,3,41
,,2013/02/28,60,5,0,7,55
,WOJ. WIELKOPOLSKIE,,5428,264,28,334,5164
,,2013/01/01,37,2,0,6,35
,,2013/01/02,86,6,0,8,80
,,2013/01/03,89,10,2,9,79
,,2013/01/04,83,7,1,9,76
,,2013/01/05,61,5,0,9,56
,,2013/01/06,37,6,2,6,31
,,2013/01/07,82,2,1,2,80
,,2013/01/08,168,13,0,23,155
,,2013/01/09,75,1,0,1,74
,,2013/01/10,86,4,0,5,82
,,2013/01/11,127,5,0,6,122
,,2013/01/12,121,2,1,3,119
,,2013/01/13,73,3,0,4,70
,,2013/01/14,99,9,1,13,90
,,2013/01/15,84,5,0,5,79
,,2013/01/16,80,4,0,4,76
,,2013/01/17,74,2,1,1,72
,,2013/01/18,68,3,0,3,65
,,2013/01/19,88,0,0,0,88
,,2013/01/20,41,2,1,2,39
,,2013/01/21,82,4,0,6,78
,,2013/01/22,81,1,0,1,80
,,2013/01/23,83,3,1,4,80
,,2013/01/24,98,8,0,11,90
,,2013/01/25,90,2,0,2,88
,,2013/01/26,62,4,1,3,58
,,2013/01/27,50,0,0,0,50
,,2013/01/28,98,8,3,8,90
,,2013/01/29,89,2,0,3,87
,,2013/01/30,143,5,0,6,138
,,2013/01/31,133,3,0,4,130
,,2013/02/01,108,8,0,8,100
,,2013/02/02,116,4,0,4,112
,,2013/02/03,81,5,1,5,76
,,2013/02/04,142,6,0,7,136
,,2013/02/05,148,7,1,6,141
,,2013/02/06,119,6,1,6,113
,,2013/02/07,120,5,2,4,115
,,2013/02/08,114,8,2,9,106
,,2013/02/09,70,2,0,4,68
,,2013/02/10,38,1,0,2,37
,,2013/02/11,97,2,0,2,95
,,2013/02/12,79,3,0,5,76
,,2013/02/13,158,7,0,12,151
,,2013/02/14,93,8,1,10,85
,,2013/02/15,99,4,1,9,95
,,2013/02/16,72,3,0,3,69
,,2013/02/17,33,3,0,5,30
,,2013/02/18,95,8,1,12,87
,,2013/02/19,191,7,0,11,184
,,2013/02/20,139,7,1,7,132
,,2013/02/21,90,3,0,3,87
,,2013/02/22,95,4,0,4,91
,,2013/02/23,89,4,1,4,85
,,2013/02/24,52,2,0,3,50
,,2013/02/25,98,3,0,3,95
,,2013/02/26,81,1,0,1,80
,,2013/02/27,69,8,0,10,61
,,2013/02/28,74,4,1,8,70
,WOJ. ZACHODNIOPOMORSKIE,,2206,158,12,177,2048
,,2013/01/01,10,0,0,0,10
,,2013/01/02,20,2,0,2,18
,,2013/01/03,34,3,0,3,31
,,2013/01/04,43,6,1,6,37
,,2013/01/05,20,2,1,1,18
,,2013/01/06,19,4,0,6,15
,,2013/01/07,32,3,1,2,29
,,2013/01/08,56,8,2,9,48
,,2013/01/09,46,6,0,6,40
,,2013/01/10,45,7,0,7,38
,,2013/01/11,96,6,0,7,90
,,2013/01/12,38,1,0,1,37
,,2013/01/13,28,1,0,1,27
,,2013/01/14,60,6,0,8,54
,,2013/01/15,52,3,0,3,49
,,2013/01/16,45,3,0,3,42
,,2013/01/17,30,2,1,1,28
,,2013/01/18,33,1,0,1,32
,,2013/01/19,37,1,0,1,36
,,2013/01/20,12,1,0,1,11
,,2013/01/21,36,1,0,2,35
,,2013/01/22,39,3,0,8,36
,,2013/01/23,44,0,0,0,44
,,2013/01/24,46,2,0,2,44
,,2013/01/25,54,3,0,5,51
,,2013/01/26,30,0,0,0,30
,,2013/01/27,19,3,1,5,16
,,2013/01/28,25,3,0,4,22
,,2013/01/29,39,5,0,5,34
,,2013/01/30,49,2,1,1,47
,,2013/01/31,37,2,1,1,35
,,2013/02/01,47,3,0,3,44
,,2013/02/02,30,1,0,3,29
,,2013/02/03,17,2,0,4,15
,,2013/02/04,44,2,0,2,42
,,2013/02/05,52,5,0,5,47
,,2013/02/06,31,1,0,1,30
,,2013/02/07,37,3,0,3,34
,,2013/02/08,42,3,0,4,39
,,2013/02/09,48,3,0,3,45
,,2013/02/10,19,0,0,0,19
,,2013/02/11,34,3,0,3,31
,,2013/02/12,36,2,0,2,34
,,2013/02/13,34,5,0,8,29
,,2013/02/14,44,1,0,1,43
,,2013/02/15,50,0,0,0,50
,,2013/02/16,33,3,0,3,30
,,2013/02/17,14,1,0,1,13
,,2013/02/18,53,6,1,7,47
,,2013/02/19,54,2,0,2,52
,,2013/02/20,62,8,0,8,54
,,2013/02/21,38,2,0,2,36
,,2013/02/22,34,1,0,1,33
,,2013/02/23,29,2,0,2,27
,,2013/02/24,22,1,0,1,21
,,2013/02/25,24,1,1,0,23
,,2013/02/26,33,2,0,2,31
,,2013/02/27,26,2,1,1,24
,,2013/02/28,45,3,0,3,42
